strategy,window,month,return,trades
debit_momentum,is_default,2018-01,0.01684190,9
debit_momentum,is_default,2018-02,-0.03753086,26
debit_momentum,is_default,2018-03,-0.03352491,21
debit_momentum,is_default,2018-04,-0.02771659,17
debit_momentum,is_default,2018-05,0.00626653,9
debit_momentum,is_default,2018-06,-0.00139525,15
debit_momentum,is_default,2018-07,-0.00462735,14
debit_momentum,is_default,2018-08,0.00870140,10
debit_momentum,is_default,2018-09,-0.00805678,11
debit_momentum,is_default,2018-10,0.01197107,21
debit_momentum,is_default,2018-11,0.00103849,14
debit_momentum,is_default,2018-12,0.00927258,18
debit_momentum,is_default,2019-01,-0.02389529,20
debit_momentum,is_default,2019-02,0.00943551,7
debit_momentum,is_default,2019-03,-0.00562632,13
debit_momentum,is_default,2019-04,0.01104492,10
debit_momentum,is_default,2019-05,-0.00541209,12
debit_momentum,is_default,2019-06,-0.01405101,15
debit_momentum,is_default,2019-07,-0.00508391,14
debit_momentum,is_default,2019-08,-0.01464609,13
debit_momentum,is_default,2019-09,-0.00929752,13
debit_momentum,is_default,2019-10,-0.00286912,16
debit_momentum,is_default,2019-11,0.00776859,10
debit_momentum,is_default,2019-12,0.00466055,11
debit_momentum,is_default,2020-01,0.01188106,14
debit_momentum,is_default,2020-02,-0.00438391,16
debit_momentum,is_default,2020-03,-0.00125404,13
debit_momentum,is_default,2020-04,-0.00885867,12
debit_momentum,is_default,2020-05,0.00269078,8
debit_momentum,is_default,2020-06,0.00619026,16
debit_momentum,is_default,2020-07,0.00965488,15
debit_momentum,is_default,2020-08,0.00914064,4
debit_momentum,is_default,2020-09,-0.00523333,7
debit_momentum,is_default,2020-10,-0.01087757,7
debit_momentum,is_default,2020-11,0.00304132,5
debit_momentum,is_default,2020-12,-0.00515465,10
debit_momentum,is_default,2021-01,-0.01467191,7
debit_momentum,is_default,2021-02,-0.00853508,10
debit_momentum,is_default,2021-03,-0.00287186,7
debit_momentum,is_default,2021-04,0.00672825,9
debit_momentum,is_default,2021-05,-0.01856404,8
debit_momentum,is_default,2021-06,-0.00072990,7
debit_momentum,is_default,2021-07,0.00556324,13
debit_momentum,is_default,2021-08,0.00831855,6
debit_momentum,is_default,2021-09,-0.00395388,8
debit_momentum,is_default,2021-10,-0.01894412,15
debit_momentum,is_default,2021-11,0.00435300,8
debit_momentum,is_default,2021-12,-0.01282445,10
debit_momentum,is_default,2022-01,0.00532193,10
debit_momentum,is_default,2022-02,0.00243423,3
debit_momentum,is_default,2022-03,-0.00459254,5
debit_momentum,is_default,2022-04,-0.00466201,9
debit_momentum,is_default,2022-05,0.00325870,5
debit_momentum,is_default,2022-06,-0.00353491,7
debit_momentum,is_default,2022-07,-0.00514360,12
debit_momentum,is_default,2022-08,-0.00264536,11
debit_momentum,is_default,2022-09,0.01001256,6
debit_momentum,is_default,2022-10,-0.00663170,8
debit_momentum,is_default,2022-11,-0.00853088,11
debit_momentum,is_default,2022-12,-0.00315075,17
debit_momentum,oos,2023-01,0.00282626,9
debit_momentum,oos,2023-02,0.00497699,12
debit_momentum,oos,2023-03,-0.00079548,11
debit_momentum,oos,2023-04,0.00229726,6
debit_momentum,oos,2023-05,0.01532360,12
debit_momentum,oos,2023-06,0.00489625,15
debit_momentum,oos,2023-07,0.00594949,9
debit_momentum,oos,2023-08,-0.01834811,9
debit_momentum,oos,2023-09,-0.00728929,17
debit_momentum,oos,2023-10,-0.00553179,10
debit_momentum,oos,2023-11,-0.00521992,12
debit_momentum,oos,2023-12,0.00836219,11
debit_momentum,oos,2024-01,-0.00610442,13
debit_momentum,oos,2024-02,0.00740862,8
debit_momentum,oos,2024-03,0.00070105,5
debit_momentum,oos,2024-04,-0.00904782,8
debit_momentum,oos,2024-05,-0.00925257,7
debit_momentum,oos,2024-06,0.00865935,5
debit_momentum,oos,2024-07,0.00148071,4
debit_momentum,oos,2024-08,0.00638697,4
debit_momentum,oos,2024-09,-0.00675283,5
debit_momentum,oos,2024-10,-0.00689572,4
debit_momentum,oos,2024-11,-0.00792065,4
debit_momentum,oos,2024-12,-0.00283839,6
debit_momentum,oos,2025-01,0.00755963,3
debit_momentum,oos,2025-02,0.00747397,3
debit_momentum,oos,2025-03,0.00000000,0
debit_momentum,oos,2025-04,0.00000000,0
debit_momentum,oos,2025-05,0.00000000,0
debit_momentum,oos,2025-06,-0.00016825,5
debit_momentum,oos,2025-07,0.00396579,5
debit_momentum,oos,2025-08,0.00298887,8
debit_momentum,oos,2025-09,0.00349996,4
debit_momentum,holdout,2025-10,0.00203924,1
debit_momentum,holdout,2025-11,-0.00435637,2
debit_momentum,holdout,2025-12,-0.00310058,6
debit_momentum,holdout,2026-01,0.00455229,7
debit_momentum,holdout,2026-02,-0.00138083,2
debit_momentum,holdout,2026-03,0.00000000,0
debit_momentum,holdout,2026-04,0.00000000,0
debit_momentum,holdout,2026-05,-0.00241621,1
debit_momentum,holdout,2026-06,-0.00243338,1
debit_momentum,holdout,2026-07,-0.00235222,2
debit_momentum,holdout,2026-08,-0.00480030,2
debit_momentum,holdout,2026-09,0.00545312,2
short_dated,is_default,2018-01,-0.00147352,18
short_dated,is_default,2018-02,-0.02250574,23
short_dated,is_default,2018-03,-0.01905338,25
short_dated,is_default,2018-04,-0.02955645,22
short_dated,is_default,2018-05,-0.01955909,22
short_dated,is_default,2018-06,-0.00569443,20
short_dated,is_default,2018-07,-0.00481037,14
short_dated,is_default,2018-08,-0.00380759,19
short_dated,is_default,2018-09,-0.03059675,17
short_dated,is_default,2018-10,0.00206185,23
short_dated,is_default,2018-11,-0.02291773,24
short_dated,is_default,2018-12,0.00245880,26
short_dated,is_default,2019-01,-0.02145795,24
short_dated,is_default,2019-02,-0.01601067,19
short_dated,is_default,2019-03,-0.01600957,20
short_dated,is_default,2019-04,-0.01318831,20
short_dated,is_default,2019-05,-0.00310062,26
short_dated,is_default,2019-06,-0.01269254,22
short_dated,is_default,2019-07,-0.02107769,18
short_dated,is_default,2019-08,-0.01898086,25
short_dated,is_default,2019-09,-0.01486430,17
short_dated,is_default,2019-10,-0.00596255,30
short_dated,is_default,2019-11,-0.01887595,17
short_dated,is_default,2019-12,-0.00477772,18
short_dated,is_default,2020-01,-0.00625990,17
short_dated,is_default,2020-02,-0.01004717,22
short_dated,is_default,2020-03,0.00456894,16
short_dated,is_default,2020-04,-0.01045684,27
short_dated,is_default,2020-05,-0.00994532,18
short_dated,is_default,2020-06,-0.00964012,24
short_dated,is_default,2020-07,-0.01018508,19
short_dated,is_default,2020-08,0.00855764,19
short_dated,is_default,2020-09,-0.00324240,26
short_dated,is_default,2020-10,-0.00402918,20
short_dated,is_default,2020-11,-0.00742169,20
short_dated,is_default,2020-12,-0.00670584,18
short_dated,is_default,2021-01,-0.01022827,15
short_dated,is_default,2021-02,-0.00826600,21
short_dated,is_default,2021-03,-0.00785343,21
short_dated,is_default,2021-04,-0.00567712,20
short_dated,is_default,2021-05,-0.00749721,20
short_dated,is_default,2021-06,-0.00419675,16
short_dated,is_default,2021-07,-0.00943328,25
short_dated,is_default,2021-08,-0.01652950,20
short_dated,is_default,2021-09,-0.00290874,20
short_dated,is_default,2021-10,-0.00007378,18
short_dated,is_default,2021-11,0.00416526,20
short_dated,is_default,2021-12,-0.00343841,23
short_dated,is_default,2022-01,-0.00240882,22
short_dated,is_default,2022-02,-0.00757856,14
short_dated,is_default,2022-03,-0.00375922,22
short_dated,is_default,2022-04,-0.00288589,14
short_dated,is_default,2022-05,-0.00534331,15
short_dated,is_default,2022-06,-0.00570103,17
short_dated,is_default,2022-07,-0.00458343,16
short_dated,is_default,2022-08,0.00499987,22
short_dated,is_default,2022-09,-0.00020864,21
short_dated,is_default,2022-10,-0.00191505,20
short_dated,is_default,2022-11,-0.01009889,21
short_dated,is_default,2022-12,-0.01190617,21
short_dated,oos,2023-01,-0.00415528,15
short_dated,oos,2023-02,-0.01331044,17
short_dated,oos,2023-03,-0.01232398,23
short_dated,oos,2023-04,-0.03028110,17
short_dated,oos,2023-05,-0.01801711,23
short_dated,oos,2023-06,-0.01233782,20
short_dated,oos,2023-07,-0.00101441,19
short_dated,oos,2023-08,-0.00163020,18
short_dated,oos,2023-09,-0.00546388,15
short_dated,oos,2023-10,0.01108386,17
short_dated,oos,2023-11,-0.00807756,17
short_dated,oos,2023-12,0.00450148,16
short_dated,oos,2024-01,-0.02099593,22
short_dated,oos,2024-02,-0.01872737,22
short_dated,oos,2024-03,-0.01120724,15
short_dated,oos,2024-04,-0.01009102,23
short_dated,oos,2024-05,-0.00605963,15
short_dated,oos,2024-06,-0.01297854,17
short_dated,oos,2024-07,0.00759001,22
short_dated,oos,2024-08,-0.00490258,18
short_dated,oos,2024-09,-0.00432172,16
short_dated,oos,2024-10,-0.01025214,17
short_dated,oos,2024-11,-0.01382622,13
short_dated,oos,2024-12,-0.00727340,18
short_dated,oos,2025-01,-0.01748916,21
short_dated,oos,2025-02,-0.00035731,19
short_dated,oos,2025-03,-0.00167159,21
short_dated,oos,2025-04,-0.00766391,16
short_dated,oos,2025-05,-0.00779544,15
short_dated,oos,2025-06,-0.00334836,15
short_dated,oos,2025-07,0.00321892,17
short_dated,oos,2025-08,-0.01358017,17
short_dated,oos,2025-09,-0.00689639,17
short_dated,holdout,2025-10,-0.01857763,19
short_dated,holdout,2025-11,-0.01827406,16
short_dated,holdout,2025-12,-0.00903941,19
short_dated,holdout,2026-01,-0.01903654,17
short_dated,holdout,2026-02,-0.02698432,17
short_dated,holdout,2026-03,-0.00238497,16
short_dated,holdout,2026-04,0.02242390,17
short_dated,holdout,2026-05,0.00900421,17
short_dated,holdout,2026-06,-0.00684878,17
short_dated,holdout,2026-07,0.00221289,16
short_dated,holdout,2026-08,-0.00623562,19
short_dated,holdout,2026-09,-0.00649803,16
condor,is_default,2018-01,-0.00051777,2
condor,is_default,2018-02,-0.00224299,6
condor,is_default,2018-03,-0.00050590,7
condor,is_default,2018-04,0.00035164,9
condor,is_default,2018-05,0.00000000,0
condor,is_default,2018-06,-0.00047903,5
condor,is_default,2018-07,0.00068098,5
condor,is_default,2018-08,0.00196195,10
condor,is_default,2018-09,0.00069189,6
condor,is_default,2018-10,-0.00302678,10
condor,is_default,2018-11,0.00106932,7
condor,is_default,2018-12,-0.00175454,4
condor,is_default,2019-01,0.00000000,0
condor,is_default,2019-02,0.00000000,0
condor,is_default,2019-03,0.00038423,5
condor,is_default,2019-04,0.00122717,9
condor,is_default,2019-05,-0.00298610,12
condor,is_default,2019-06,0.00000000,0
condor,is_default,2019-07,0.00101137,5
condor,is_default,2019-08,-0.00341479,15
condor,is_default,2019-09,0.00093118,5
condor,is_default,2019-10,0.00041306,6
condor,is_default,2019-11,0.00023608,1
condor,is_default,2019-12,-0.00026554,11
condor,is_default,2020-01,0.00043798,4
condor,is_default,2020-02,-0.00139741,11
condor,is_default,2020-03,0.00000000,0
condor,is_default,2020-04,0.00067409,2
condor,is_default,2020-05,0.00000000,0
condor,is_default,2020-06,0.00128095,6
condor,is_default,2020-07,-0.00026148,6
condor,is_default,2020-08,0.00000000,0
condor,is_default,2020-09,-0.00019577,4
condor,is_default,2020-10,0.00026601,7
condor,is_default,2020-11,0.00107916,5
condor,is_default,2020-12,0.00091309,4
condor,is_default,2021-01,0.00075055,7
condor,is_default,2021-02,0.00015977,5
condor,is_default,2021-03,0.00022673,5
condor,is_default,2021-04,0.00030537,1
condor,is_default,2021-05,0.00043026,6
condor,is_default,2021-06,0.00078748,6
condor,is_default,2021-07,0.00008196,5
condor,is_default,2021-08,0.00165816,7
condor,is_default,2021-09,-0.00010481,9
condor,is_default,2021-10,0.00062565,4
condor,is_default,2021-11,0.00028115,5
condor,is_default,2021-12,0.00058169,4
condor,is_default,2022-01,-0.00171865,4
condor,is_default,2022-02,-0.00066429,5
condor,is_default,2022-03,-0.00004379,8
condor,is_default,2022-04,-0.00158232,4
condor,is_default,2022-05,0.00000000,0
condor,is_default,2022-06,-0.00061652,1
condor,is_default,2022-07,0.00000000,0
condor,is_default,2022-08,-0.00066055,1
condor,is_default,2022-09,-0.00112492,7
condor,is_default,2022-10,0.00060952,6
condor,is_default,2022-11,0.00000000,0
condor,is_default,2022-12,0.00036831,5
condor,oos,2023-01,0.00000000,0
condor,oos,2023-02,0.00000000,0
condor,oos,2023-03,0.00000000,0
condor,oos,2023-04,0.00132738,4
condor,oos,2023-05,0.00000000,0
condor,oos,2023-06,0.00000000,0
condor,oos,2023-07,0.00000000,0
condor,oos,2023-08,0.00000000,0
condor,oos,2023-09,0.00000000,0
condor,oos,2023-10,-0.00061588,1
condor,oos,2023-11,0.00155171,5
condor,oos,2023-12,0.00000000,0
condor,oos,2024-01,0.00000000,0
condor,oos,2024-02,0.00000000,0
condor,oos,2024-03,0.00000000,0
condor,oos,2024-04,0.00048191,5
condor,oos,2024-05,0.00015962,5
condor,oos,2024-06,-0.00027979,5
condor,oos,2024-07,0.00000000,0
condor,oos,2024-08,-0.00235658,6
condor,oos,2024-09,0.00244278,10
condor,oos,2024-10,0.00101073,5
condor,oos,2024-11,0.00074397,8
condor,oos,2024-12,-0.00145099,3
condor,oos,2025-01,0.00163633,8
condor,oos,2025-02,0.00159839,5
condor,oos,2025-03,-0.00267309,5
condor,oos,2025-04,-0.00235307,9
condor,oos,2025-05,0.00032535,1
condor,oos,2025-06,0.00129811,5
condor,oos,2025-07,0.00017190,4
condor,oos,2025-08,0.00066375,2
condor,oos,2025-09,0.00000000,0
condor,holdout,2025-10,0.00049364,10
condor,holdout,2025-11,-0.00106336,5
condor,holdout,2025-12,0.00201629,5
condor,holdout,2026-01,0.00107795,5
condor,holdout,2026-02,0.00020435,9
condor,holdout,2026-03,0.00060795,9
condor,holdout,2026-04,0.00076696,3
condor,holdout,2026-05,-0.00087980,2
condor,holdout,2026-06,0.00273853,7
condor,holdout,2026-07,0.00349447,10
condor,holdout,2026-08,0.00000000,0
condor,holdout,2026-09,0.00051107,7
butterfly,is_default,2018-01,0.00008774,5
butterfly,is_default,2018-02,-0.00149629,3
butterfly,is_default,2018-03,-0.00012312,20
butterfly,is_default,2018-04,-0.00169547,8
butterfly,is_default,2018-05,0.00373119,11
butterfly,is_default,2018-06,0.00047020,13
butterfly,is_default,2018-07,0.00207616,10
butterfly,is_default,2018-08,0.00134524,6
butterfly,is_default,2018-09,0.00083005,10
butterfly,is_default,2018-10,0.00006067,6
butterfly,is_default,2018-11,-0.00051945,4
butterfly,is_default,2018-12,-0.00213203,10
butterfly,is_default,2019-01,0.00113241,8
butterfly,is_default,2019-02,0.00004929,10
butterfly,is_default,2019-03,0.00255749,11
butterfly,is_default,2019-04,0.00193826,8
butterfly,is_default,2019-05,-0.00085267,6
butterfly,is_default,2019-06,0.00029978,9
butterfly,is_default,2019-07,0.00312611,11
butterfly,is_default,2019-08,-0.00160090,7
butterfly,is_default,2019-09,0.00036135,7
butterfly,is_default,2019-10,0.00239233,17
butterfly,is_default,2019-11,0.00301522,10
butterfly,is_default,2019-12,0.00230182,8
butterfly,is_default,2020-01,-0.00206095,13
butterfly,is_default,2020-02,-0.00278874,5
butterfly,is_default,2020-03,0.00000000,0
butterfly,is_default,2020-04,0.00469579,18
butterfly,is_default,2020-05,-0.00102666,24
butterfly,is_default,2020-06,-0.00223453,21
butterfly,is_default,2020-07,0.00310052,17
butterfly,is_default,2020-08,0.00251070,16
butterfly,is_default,2020-09,-0.00162095,9
butterfly,is_default,2020-10,-0.00199629,13
butterfly,is_default,2020-11,0.00032511,11
butterfly,is_default,2020-12,0.00272246,13
butterfly,is_default,2021-01,0.00041926,20
butterfly,is_default,2021-02,0.00060826,12
butterfly,is_default,2021-03,-0.00252871,8
butterfly,is_default,2021-04,0.00241605,15
butterfly,is_default,2021-05,0.00307771,24
butterfly,is_default,2021-06,0.00277985,19
butterfly,is_default,2021-07,0.00300316,21
butterfly,is_default,2021-08,0.00055928,15
butterfly,is_default,2021-09,-0.00123053,17
butterfly,is_default,2021-10,-0.00009802,9
butterfly,is_default,2021-11,-0.00024666,17
butterfly,is_default,2021-12,-0.00143636,1
butterfly,is_default,2022-01,-0.00623163,17
butterfly,is_default,2022-02,0.00232664,3
butterfly,is_default,2022-03,0.00021709,7
butterfly,is_default,2022-04,-0.00171719,16
butterfly,is_default,2022-05,-0.00141444,1
butterfly,is_default,2022-06,-0.00121365,10
butterfly,is_default,2022-07,0.00382910,26
butterfly,is_default,2022-08,-0.00185283,30
butterfly,is_default,2022-09,-0.00315690,13
butterfly,is_default,2022-10,0.00039432,7
butterfly,is_default,2022-11,0.00178673,12
butterfly,is_default,2022-12,-0.00308348,26
butterfly,oos,2023-01,0.00263215,17
butterfly,oos,2023-02,-0.00122047,18
butterfly,oos,2023-03,0.00124872,15
butterfly,oos,2023-04,0.00259035,17
butterfly,oos,2023-05,-0.00189893,20
butterfly,oos,2023-06,0.00151530,10
butterfly,oos,2023-07,0.00092671,14
butterfly,oos,2023-08,-0.00110625,22
butterfly,oos,2023-09,-0.00140300,11
butterfly,oos,2023-10,-0.00028780,16
butterfly,oos,2023-11,0.00334354,19
butterfly,oos,2023-12,0.00167901,15
butterfly,oos,2024-01,-0.00264046,24
butterfly,oos,2024-02,0.00155254,14
butterfly,oos,2024-03,0.00082563,12
butterfly,oos,2024-04,0.00096920,7
butterfly,oos,2024-05,-0.00046939,15
butterfly,oos,2024-06,-0.00372932,23
butterfly,oos,2024-07,-0.00086583,13
butterfly,oos,2024-08,-0.00054359,8
butterfly,oos,2024-09,-0.00058824,14
butterfly,oos,2024-10,0.00215313,4
butterfly,oos,2024-11,0.00000000,0
butterfly,oos,2024-12,-0.00035967,13
butterfly,oos,2025-01,-0.00128358,12
butterfly,oos,2025-02,-0.00348514,20
butterfly,oos,2025-03,-0.00297612,2
butterfly,oos,2025-04,0.00000000,0
butterfly,oos,2025-05,0.00000000,0
butterfly,oos,2025-06,0.00007840,2
butterfly,oos,2025-07,0.00193656,18
butterfly,oos,2025-08,0.00270939,10
butterfly,oos,2025-09,0.00222888,20
butterfly,holdout,2025-10,0.00096508,11
butterfly,holdout,2025-11,-0.00037160,6
butterfly,holdout,2025-12,-0.00139666,14
butterfly,holdout,2026-01,0.00074069,21
butterfly,holdout,2026-02,-0.00267674,3
butterfly,holdout,2026-03,-0.00277757,8
butterfly,holdout,2026-04,0.00103534,3
butterfly,holdout,2026-05,0.00527033,19
butterfly,holdout,2026-06,-0.00049077,8
butterfly,holdout,2026-07,-0.00085946,11
butterfly,holdout,2026-08,0.00099090,17
butterfly,holdout,2026-09,-0.00098334,16
calendar,is_default,2018-01,0.00000000,0
calendar,is_default,2018-02,-0.00245516,1
calendar,is_default,2018-03,-0.00492778,4
calendar,is_default,2018-04,-0.00233661,1
calendar,is_default,2018-05,-0.00154967,2
calendar,is_default,2018-06,0.00000000,0
calendar,is_default,2018-07,0.00000000,0
calendar,is_default,2018-08,0.00000000,0
calendar,is_default,2018-09,0.00000000,0
calendar,is_default,2018-10,0.00000000,0
calendar,is_default,2018-11,0.00287569,3
calendar,is_default,2018-12,-0.00225686,4
calendar,is_default,2019-01,0.00000000,0
calendar,is_default,2019-02,0.00000000,0
calendar,is_default,2019-03,0.00000000,0
calendar,is_default,2019-04,0.00000000,0
calendar,is_default,2019-05,-0.00184433,2
calendar,is_default,2019-06,0.00000000,0
calendar,is_default,2019-07,0.00000000,0
calendar,is_default,2019-08,-0.00542813,3
calendar,is_default,2019-09,0.00000000,0
calendar,is_default,2019-10,0.00000000,0
calendar,is_default,2019-11,0.00000000,0
calendar,is_default,2019-12,0.00000000,0
calendar,is_default,2020-01,0.00000000,0
calendar,is_default,2020-02,-0.00204418,3
calendar,is_default,2020-03,0.00106405,1
calendar,is_default,2020-04,-0.00214987,1
calendar,is_default,2020-05,0.00000000,0
calendar,is_default,2020-06,0.00000000,0
calendar,is_default,2020-07,0.00000000,0
calendar,is_default,2020-08,0.00000000,0
calendar,is_default,2020-09,0.00000000,0
calendar,is_default,2020-10,0.00000000,0
calendar,is_default,2020-11,-0.00195541,1
calendar,is_default,2020-12,0.00000000,0
calendar,is_default,2021-01,0.00000000,0
calendar,is_default,2021-02,0.00000000,0
calendar,is_default,2021-03,0.00119414,1
calendar,is_default,2021-04,0.00000000,0
calendar,is_default,2021-05,0.00000000,0
calendar,is_default,2021-06,0.00000000,0
calendar,is_default,2021-07,0.00000000,0
calendar,is_default,2021-08,0.00000000,0
calendar,is_default,2021-09,0.00000000,0
calendar,is_default,2021-10,0.00000000,0
calendar,is_default,2021-11,0.00000000,0
calendar,is_default,2021-12,0.00000000,0
calendar,is_default,2022-01,0.00000000,0
calendar,is_default,2022-02,0.00000000,0
calendar,is_default,2022-03,0.00099363,1
calendar,is_default,2022-04,0.00000000,0
calendar,is_default,2022-05,0.00000000,0
calendar,is_default,2022-06,0.00000000,0
calendar,is_default,2022-07,0.00000000,0
calendar,is_default,2022-08,0.00000000,0
calendar,is_default,2022-09,0.00000000,0
calendar,is_default,2022-10,0.00000000,0
calendar,is_default,2022-11,-0.00306631,3
calendar,is_default,2022-12,0.00205761,2
calendar,oos,2023-01,0.00000000,0
calendar,oos,2023-02,0.00000000,0
calendar,oos,2023-03,0.00000000,0
calendar,oos,2023-04,-0.00151539,1
calendar,oos,2023-05,0.00000000,0
calendar,oos,2023-06,0.00000000,0
calendar,oos,2023-07,0.00000000,0
calendar,oos,2023-08,0.00000000,0
calendar,oos,2023-09,0.00000000,0
calendar,oos,2023-10,0.00000000,0
calendar,oos,2023-11,0.00000000,0
calendar,oos,2023-12,0.00000000,0
calendar,oos,2024-01,0.00000000,0
calendar,oos,2024-02,0.00000000,0
calendar,oos,2024-03,0.00000000,0
calendar,oos,2024-04,0.00000000,0
calendar,oos,2024-05,0.00000000,0
calendar,oos,2024-06,0.00000000,0
calendar,oos,2024-07,0.00000000,0
calendar,oos,2024-08,0.00000000,0
calendar,oos,2024-09,0.00000000,0
calendar,oos,2024-10,0.00000000,0
calendar,oos,2024-11,0.00077765,3
calendar,oos,2024-12,0.00119402,1
calendar,oos,2025-01,0.00000000,0
calendar,oos,2025-02,0.00000000,0
calendar,oos,2025-03,0.00000000,0
calendar,oos,2025-04,-0.00552256,2
calendar,oos,2025-05,0.00072539,1
calendar,oos,2025-06,0.00000000,0
calendar,oos,2025-07,0.00000000,0
calendar,oos,2025-08,0.00000000,0
calendar,oos,2025-09,0.00000000,0
calendar,holdout,2025-10,0.00000000,0
calendar,holdout,2025-11,0.00000000,0
calendar,holdout,2025-12,0.00000000,0
calendar,holdout,2026-01,0.00000000,0
calendar,holdout,2026-02,0.00000000,0
calendar,holdout,2026-03,0.00000000,0
calendar,holdout,2026-04,0.00000000,0
calendar,holdout,2026-05,0.00000000,0
calendar,holdout,2026-06,0.00030714,1
calendar,holdout,2026-07,0.00000000,0
calendar,holdout,2026-08,0.00000000,0
calendar,holdout,2026-09,0.00000000,0
diagonal,is_default,2018-01,0.00450161,5
diagonal,is_default,2018-02,-0.00539206,3
diagonal,is_default,2018-03,-0.00357282,3
diagonal,is_default,2018-04,-0.00620739,3
diagonal,is_default,2018-05,0.00404718,3
diagonal,is_default,2018-06,0.00130256,4
diagonal,is_default,2018-07,0.00211698,3
diagonal,is_default,2018-08,0.00070840,4
diagonal,is_default,2018-09,-0.00038879,3
diagonal,is_default,2018-10,0.00359893,4
diagonal,is_default,2018-11,0.00000000,0
diagonal,is_default,2018-12,0.00000000,0
diagonal,is_default,2019-01,-0.00212854,1
diagonal,is_default,2019-02,0.00413741,3
diagonal,is_default,2019-03,0.00159949,4
diagonal,is_default,2019-04,-0.00013971,4
diagonal,is_default,2019-05,-0.00058113,4
diagonal,is_default,2019-06,-0.00034073,2
diagonal,is_default,2019-07,0.00241648,3
diagonal,is_default,2019-08,-0.00148269,2
diagonal,is_default,2019-09,-0.00285850,3
diagonal,is_default,2019-10,-0.00491720,2
diagonal,is_default,2019-11,0.00031606,2
diagonal,is_default,2019-12,0.00223184,2
diagonal,is_default,2020-01,-0.00114845,3
diagonal,is_default,2020-02,-0.00378726,2
diagonal,is_default,2020-03,0.00000000,0
diagonal,is_default,2020-04,0.00000000,0
diagonal,is_default,2020-05,0.00000000,0
diagonal,is_default,2020-06,0.00000000,0
diagonal,is_default,2020-07,0.00000000,0
diagonal,is_default,2020-08,0.00000000,0
diagonal,is_default,2020-09,0.00000000,0
diagonal,is_default,2020-10,0.00000000,0
diagonal,is_default,2020-11,0.00000000,0
diagonal,is_default,2020-12,0.00000000,0
diagonal,is_default,2021-01,0.00000000,0
diagonal,is_default,2021-02,0.00000000,0
diagonal,is_default,2021-03,0.00000000,0
diagonal,is_default,2021-04,0.00000000,0
diagonal,is_default,2021-05,0.00000000,0
diagonal,is_default,2021-06,0.00000000,0
diagonal,is_default,2021-07,0.00000000,0
diagonal,is_default,2021-08,0.00000000,0
diagonal,is_default,2021-09,0.00000000,0
diagonal,is_default,2021-10,0.00000000,0
diagonal,is_default,2021-11,0.00000000,0
diagonal,is_default,2021-12,0.00000000,0
diagonal,is_default,2022-01,0.00000000,0
diagonal,is_default,2022-02,0.00000000,0
diagonal,is_default,2022-03,0.00000000,0
diagonal,is_default,2022-04,0.00000000,0
diagonal,is_default,2022-05,0.00000000,0
diagonal,is_default,2022-06,0.00000000,0
diagonal,is_default,2022-07,0.00000000,0
diagonal,is_default,2022-08,0.00000000,0
diagonal,is_default,2022-09,0.00000000,0
diagonal,is_default,2022-10,0.00000000,0
diagonal,is_default,2022-11,0.00000000,0
diagonal,is_default,2022-12,0.00000000,0
diagonal,oos,2023-01,-0.00156071,2
diagonal,oos,2023-02,-0.00026878,2
diagonal,oos,2023-03,0.00161155,2
diagonal,oos,2023-04,-0.00038803,2
diagonal,oos,2023-05,-0.00072491,2
diagonal,oos,2023-06,-0.00124185,2
diagonal,oos,2023-07,0.00205046,4
diagonal,oos,2023-08,-0.00151225,4
diagonal,oos,2023-09,0.00372961,3
diagonal,oos,2023-10,0.00110993,3
diagonal,oos,2023-11,-0.00840983,6
diagonal,oos,2023-12,0.00185718,2
diagonal,oos,2024-01,0.00000000,0
diagonal,oos,2024-02,0.00000000,0
diagonal,oos,2024-03,0.00074376,1
diagonal,oos,2024-04,0.00000000,0
diagonal,oos,2024-05,-0.00247776,3
diagonal,oos,2024-06,-0.00103233,4
diagonal,oos,2024-07,0.00049121,3
diagonal,oos,2024-08,0.00000000,0
diagonal,oos,2024-09,0.00000000,0
diagonal,oos,2024-10,0.00000000,0
diagonal,oos,2024-11,0.00000000,0
diagonal,oos,2024-12,0.00000000,0
diagonal,oos,2025-01,0.00000000,0
diagonal,oos,2025-02,0.00000000,0
diagonal,oos,2025-03,0.00000000,0
diagonal,oos,2025-04,0.00000000,0
diagonal,oos,2025-05,0.00000000,0
diagonal,oos,2025-06,0.00000000,0
diagonal,oos,2025-07,0.00000000,0
diagonal,oos,2025-08,0.00000000,0
diagonal,oos,2025-09,0.00000000,0
diagonal,holdout,2025-10,0.00000000,0
diagonal,holdout,2025-11,0.00000000,0
diagonal,holdout,2025-12,0.00000000,0
diagonal,holdout,2026-01,0.00000000,0
diagonal,holdout,2026-02,0.00000000,0
diagonal,holdout,2026-03,0.00000000,0
diagonal,holdout,2026-04,0.00000000,0
diagonal,holdout,2026-05,0.00000000,0
diagonal,holdout,2026-06,0.00000000,0
diagonal,holdout,2026-07,0.00000000,0
diagonal,holdout,2026-08,0.00000000,0
diagonal,holdout,2026-09,0.00000000,0
